USE `puntajesExpo`;

INSERT INTO `puntajesExpo`.`Juego` (`idJuego`, `nombre`, `descripcion`) VALUES
(1, 'Juego1', 'Descripción Juego1'),
(2, 'Juego2', 'Descripción Juego2'),
(3, 'Juego3', 'Descripción Juego3'),
(4, 'Juego4', 'Descripción Juego4'),
(5, 'Juego5', 'Descripción Juego5'),
(6, 'Juego6', 'Descripción Juego6'),
(7, 'Juego7', 'Descripción Juego7'),
(8, 'Juego8', 'Descripción Juego8'),
(9, 'Juego9', 'Descripción Juego9'),
(10, 'Juego10', 'Descripción Juego10'),
(11, 'Juego11', 'Descripción Juego11'),
(12, 'Juego12', 'Descripción Juego12'),
(13, 'Juego13', 'Descripción Juego13'),
(14, 'Juego14', 'Descripción Juego14'),
(15, 'Juego15', 'Descripción Juego15'),
(16, 'Juego16', 'Descripción Juego16'),
(17, 'Juego17', 'Descripción Juego17'),
(18, 'Juego18', 'Descripción Juego18'),
(19, 'Juego19', 'Descripción Juego19'),
(20, 'Juego20', 'Descripción Juego20'),
(21, 'Juego21', 'Descripción Juego21'),
(22, 'Juego22', 'Descripción Juego22'),
(23, 'Juego23', 'Descripción Juego23'),
(24, 'Juego24', 'Descripción Juego24'),
(25, 'Juego25', 'Descripción Juego25'),
(26, 'Juego26', 'Descripción Juego26'),
(27, 'Juego27', 'Descripción Juego27'),
(28, 'Juego28', 'Descripción Juego28'),
(29, 'Juego29', 'Descripción Juego29'),
(30, 'Juego30', 'Descripción Juego30');

INSERT INTO `puntajesExpo`.`Usuario` (`idUsuario`, `nombre`, `puntajeTotal`, `direccionFoto`) VALUES
(1, 'Usuario1', 0, 'foto1.jpg'),
(2, 'Usuario2', 0, 'foto2.jpg'),
(3, 'Usuario3', 0, 'foto3.jpg'),
(4, 'Usuario4', 0, 'foto4.jpg'),
(5, 'Usuario5', 0, 'foto5.jpg'),
(6, 'Usuario6', 0, 'foto6.jpg'),
(7, 'Usuario7', 0, 'foto7.jpg'),
(8, 'Usuario8', 0, 'foto8.jpg'),
(9, 'Usuario9', 0, 'foto9.jpg'),
(10, 'Usuario10', 0, 'foto10.jpg'),
(11, 'Usuario11', 0, 'foto11.jpg'),
(12, 'Usuario12', 0, 'foto12.jpg'),
(13, 'Usuario13', 0, 'foto13.jpg'),
(14, 'Usuario14', 0, 'foto14.jpg'),
(15, 'Usuario15', 0, 'foto15.jpg'),
(16, 'Usuario16', 0, 'foto16.jpg'),
(17, 'Usuario17', 0, 'foto17.jpg'),
(18, 'Usuario18', 0, 'foto18.jpg'),
(19, 'Usuario19', 0, 'foto19.jpg'),
(20, 'Usuario20', 0, 'foto20.jpg'),
(21, 'Usuario21', 0, 'foto21.jpg'),
(22, 'Usuario22', 0, 'foto22.jpg'),
(23, 'Usuario23', 0, 'foto23.jpg'),
(24, 'Usuario24', 0, 'foto24.jpg'),
(25, 'Usuario25', 0, 'foto25.jpg'),
(26, 'Usuario26', 0, 'foto26.jpg'),
(27, 'Usuario27', 0, 'foto27.jpg'),
(28, 'Usuario28', 0, 'foto28.jpg'),
(29, 'Usuario29', 0, 'foto29.jpg'),
(30, 'Usuario30', 0, 'foto30.jpg');

INSERT INTO `puntajesExpo`.`PuntajeJuego` (`idPuntaje`, `puntajeJuego`, `Juego_idJuego`, `Usuario_idUsuario`) VALUES
(1, 100, 1, 1),
(2, 150, 1, 2),
(3, 120, 2, 3),
(4, 90, 2, 4),
(5, 200, 3, 5),
(6, 80, 3, 6),
(7, 110, 4, 7),
(8, 130, 4, 8),
(9, 180, 5, 9),
(10, 95, 5, 10),
(11, 160, 6, 11),
(12, 75, 6, 12),
(13, 140, 7, 13),
(14, 170, 7, 14),
(15, 190, 8, 15),
(16, 105, 8, 16),
(17, 125, 9, 17),
(18, 155, 9, 18),
(19, 200, 10, 19),
(20, 80, 10, 20),
(21, 110, 11, 21),
(22, 130, 11, 22),
(23, 160, 12, 23),
(24, 75, 12, 24),
(25, 140, 13, 25),
(26, 170, 13, 26),
(27, 190, 14, 27),
(28, 105, 14, 28),
(29, 125, 15, 29),
(30, 155, 15, 30),
(31, 200, 16, 1),
(32, 80, 16, 2),
(33, 110, 17, 3),
(34, 130, 17, 4),
(35, 160, 18, 5),
(36, 75, 18, 6),
(37, 140, 19, 7),
(38, 170, 19, 8),
(39, 190, 20, 9),
(40, 105, 20, 10),
(41, 125, 21, 11),
(42, 155, 21, 12),
(43, 200, 22, 13),
(44, 80, 22, 14),
(45, 110, 23, 15),
(46, 130, 23, 16),
(47, 160, 24, 17),
(48, 75, 24, 18),
(49, 140, 25, 19),
(50, 57, 25, 20),
(51, 534, 26, 11),
(52, 43, 26, 12),
(53, 54, 27, 13),
(54, 11, 27, 14),
(55, 54, 28, 15),
(56, 88, 28, 16),
(57, 376, 29, 17),
(58, 400, 29, 18),
(59, 243, 30, 19),
(50, 343, 30, 20);

update Usuario set direccionFoto = "assets/fotoperfil.jpeg";